"store_id","product_brand","sale_revenue","returned_revenue","return_rate"
1,"Prelude","23.00","4.60","20.00"
18,"Akron","10.44","1.74","16.67"
8,"Quick","98.01","10.92","11.14"
9,"Green Ribbon","28.81","3.11","10.79"
24,"King","29.70","2.97","10.00"
10,"Queen","56.09","4.60","8.20"
13,"ADJ","102.12","8.28","8.11"
10,"Dual City","29.00","2.22","7.66"
23,"Kiwi","63.22","4.76","7.53"
4,"Genteel","51.80","3.80","7.34"
10,"Toretti","16.94","1.21","7.14"
4,"Framton","77.14","5.51","7.14"
9,"Gulf Coast","178.47","12.61","7.07"
20,"Johnson","33.84","2.35","6.94"
18,"Symphony","24.00","1.60","6.67"
20,"Gauss","58.08","3.80","6.54"
7,"King","30.69","1.98","6.45"
10,"Dollar","159.33","10.00","6.28"
1,"Robust","139.96","8.61","6.15"
18,"Quick","59.89","3.64","6.08"
20,"Applause","38.82","2.34","6.03"
19,"Black Tie","79.55","4.71","5.92"
9,"Shady Lake","103.75","6.06","5.84"
24,"Quick","215.59","12.50","5.80"
10,"Swell","57.92","3.26","5.63"
4,"Black Tie","27.99","1.57","5.61"
4,"Jumbo","205.38","11.52","5.61"
3,"ADJ","99.36","5.52","5.56"
12,"Washington","457.76","24.97","5.45"
8,"Footnote","76.02","3.95","5.20"
9,"Excellent","196.51","10.15","5.17"
8,"Genteel","74.70","3.80","5.09"
10,"Choice","177.82","8.84","4.97"
19,"Giant","269.22","13.30","4.94"
18,"Lake","170.70","8.37","4.90"
1,"Portsmouth","452.18","21.99","4.86"
17,"Ship Shape","219.56","10.66","4.86"
20,"Shady Lake","111.83","5.34","4.78"
18,"Giant","80.64","3.84","4.76"
8,"Dual City","72.12","3.40","4.71"
23,"Dual City","36.32","1.70","4.68"
10,"Giant","164.35","7.68","4.67"
10,"Kiwi","51.06","2.38","4.66"
20,"Gerolli","72.84","3.38","4.64"
21,"Ship Shape","127.97","5.94","4.64"
7,"Johnson","148.91","6.82","4.58"
12,"Tip Top","79.46","3.60","4.53"
12,"Queen","62.33","2.82","4.52"
16,"Black Tie","84.66","3.81","4.50"
19,"Shady Lake","226.54","10.17","4.49"
18,"Fantastic","132.53","5.94","4.48"
4,"Curlew","72.72","3.24","4.46"
20,"Washington","169.30","7.53","4.45"
7,"Amigo","125.65","5.58","4.44"
24,"Amigo","196.01","8.71","4.44"
18,"Token","120.43","5.26","4.37"
23,"King","22.77","0.99","4.35"
23,"Jardon","72.50","3.06","4.22"
24,"Mighty Good","323.62","13.50","4.17"
15,"Akron","125.94","5.24","4.16"
9,"Toucan","33.26","1.38","4.15"
18,"Monarch","113.70","4.70","4.13"
21,"Green Ribbon","95.94","3.93","4.10"
19,"Genteel","92.85","3.80","4.09"
4,"Discover","189.65","7.69","4.05"
10,"ADJ","69.00","2.76","4.00"
7,"Symphony","40.00","1.60","4.00"
24,"Toretti","30.25","1.21","4.00"
21,"Robust","211.27","8.38","3.97"
9,"Applause","71.00","2.80","3.94"
11,"Excel","287.78","11.33","3.94"
12,"Jumbo","301.95","11.88","3.93"
16,"Amigo","151.78","5.92","3.90"
1,"Toucan","36.26","1.40","3.86"
1,"ADJ","71.76","2.76","3.85"
10,"Amigo","149.84","5.75","3.84"
19,"Discover","272.50","10.40","3.82"
20,"Walrus","217.42","8.30","3.82"
21,"Walrus","416.62","15.79","3.79"
20,"Fabulous","233.64","8.82","3.78"
4,"Applause","123.90","4.68","3.78"
18,"Pearl","80.64","3.04","3.77"
6,"Tip Top","191.32","7.20","3.76"
11,"Special","466.89","17.43","3.73"
18,"Washington","98.37","3.64","3.70"
18,"Excel","100.12","3.62","3.62"
13,"Big City","86.03","3.10","3.60"
20,"Hilltop","343.93","12.35","3.59"
4,"Big City","42.40","1.52","3.58"
19,"Special","217.73","7.75","3.56"
9,"Special","99.90","3.47","3.47"
11,"Colossal","454.43","15.76","3.47"
12,"Monarch","352.86","12.21","3.46"
20,"Dollar","109.01","3.77","3.46"
1,"Carlson","796.06","27.38","3.44"
16,"Toucan","82.04","2.76","3.36"
4,"Pearl","179.55","6.00","3.34"
12,"Genteel","104.15","3.45","3.31"
15,"Discover","356.53","11.75","3.30"
6,"Special","359.06","11.86","3.30"
20,"Medalist","102.64","3.38","3.29"
20,"Monarch","55.08","1.80","3.27"
23,"Special","169.14","5.48","3.24"
4,"Choice","163.92","5.30","3.23"
3,"Gauss","388.14","12.44","3.21"
18,"Colony","115.80","3.65","3.15"
7,"Robust","339.05","10.67","3.15"
19,"Portsmouth","464.36","14.56","3.14"
1,"Jumbo","216.91","6.81","3.14"
3,"Dollar","460.38","14.41","3.13"
13,"King","63.36","1.98","3.13"
1,"Akron","56.22","1.76","3.13"
16,"Pearl","463.14","14.43","3.12"
3,"Green Ribbon","99.86","3.11","3.11"
23,"Great","366.05","11.36","3.10"
8,"Jeffers","211.35","6.48","3.07"
21,"Dollar","292.35","8.84","3.02"
12,"Jeffers","271.53","8.05","2.96"
21,"Big City","51.35","1.52","2.96"
15,"Dual City","75.06","2.22","2.96"
16,"Ship Shape","120.81","3.50","2.90"
9,"Black Tie","23.09","0.67","2.90"
8,"Green Ribbon","90.53","2.62","2.89"
3,"Kiwi","155.99","4.50","2.88"
20,"Faux Products","255.44","7.35","2.88"
8,"Tip Top","125.64","3.60","2.87"
6,"Washington","726.23","20.84","2.87"
24,"Jeffers","253.68","7.27","2.87"
11,"Toretti","42.35","1.21","2.86"
7,"Green Ribbon","156.33","4.42","2.83"
12,"Best","284.67","8.03","2.82"
19,"Queen","100.76","2.82","2.80"
10,"Blue Medal","152.68","4.26","2.79"
10,"Jumbo","203.16","5.65","2.78"
8,"Excel","285.33","7.92","2.78"
17,"Radius","380.36","10.56","2.78"
9,"Pleasant","369.56","10.24","2.77"
15,"Robust","252.34","7.00","2.77"
9,"Dollar","105.32","2.91","2.76"
3,"Urban","453.21","12.52","2.76"
8,"Red Spade","752.29","20.63","2.74"
3,"Great","990.96","27.10","2.73"
23,"Moms","371.33","10.15","2.73"
17,"Blue Medal","580.60","15.84","2.73"
18,"Mighty Good","60.33","1.64","2.72"
12,"Gulf Coast","562.19","15.27","2.72"
16,"Best","332.52","8.95","2.69"
11,"Medalist","606.45","16.26","2.68"
16,"Tip Top","134.51","3.60","2.68"
9,"Walrus","96.64","2.59","2.68"
15,"Medalist","526.44","13.98","2.66"
7,"Applause","175.68","4.68","2.66"
1,"Best","132.72","3.50","2.64"
18,"Plato","315.11","8.26","2.62"
16,"Excellent","896.21","23.35","2.61"
8,"Urban","281.26","7.32","2.60"
6,"Sphinx","457.24","11.89","2.60"
7,"Atomic","573.13","14.85","2.59"
15,"Excel","279.55","7.24","2.59"
24,"Toucan","108.68","2.80","2.58"
19,"Walrus","420.77","10.86","2.58"
23,"Red Spade","436.19","11.25","2.58"
7,"Black Tie","60.94","1.57","2.58"
18,"Cormorant","497.37","12.79","2.57"
1,"Blue Label","783.71","20.12","2.57"
17,"Colossal","541.51","13.85","2.56"
16,"Genteel","90.00","2.30","2.56"
18,"Big Time","611.72","15.51","2.54"
8,"Gulf Coast","667.72","16.97","2.54"
12,"Framton","126.25","3.21","2.54"
17,"Portsmouth","922.33","23.33","2.53"
15,"Kiwi","182.95","4.63","2.53"
7,"Fantastic","534.81","13.50","2.52"
19,"Jumbo","271.69","6.81","2.51"
3,"Framton","219.92","5.51","2.51"
8,"Gorilla","1097.13","27.28","2.49"
6,"Good","522.53","12.84","2.46"
12,"Robust","213.94","5.22","2.44"
3,"Ship Shape","121.50","2.97","2.44"
12,"Fantastic","409.37","9.94","2.43"
18,"Landslide","256.76","6.24","2.43"
18,"Thresher","151.70","3.68","2.43"
13,"Gerolli","333.14","8.10","2.43"
4,"Excel","149.54","3.62","2.42"
10,"Washington","300.92","7.28","2.42"
13,"Sphinx","889.57","21.49","2.42"
10,"National","154.41","3.74","2.42"
23,"Token","240.03","5.81","2.42"
23,"Thresher","346.82","8.36","2.41"
1,"Jardon","79.02","1.90","2.40"
7,"Monarch","408.80","9.82","2.40"
23,"Tip Top","33.01","0.79","2.39"
9,"Best","82.92","1.97","2.38"
23,"Modell","268.99","6.37","2.37"
23,"Jumbo","112.92","2.68","2.37"
17,"Token","753.95","17.79","2.36"
16,"National","337.37","7.94","2.35"
7,"Big City","49.89","1.17","2.35"
9,"Carlson","379.38","8.87","2.34"
23,"Mighty Good","180.42","4.22","2.34"
18,"Carlson","403.22","9.38","2.33"
20,"Atomic","143.67","3.33","2.32"
19,"Framton","199.42","4.60","2.31"
21,"Best","306.17","7.00","2.29"
16,"Colossal","442.72","10.11","2.28"
20,"Even Better","307.71","6.98","2.27"
16,"Special","425.61","9.68","2.27"
23,"Fast","1226.09","27.86","2.27"
15,"Amigo","261.03","5.92","2.27"
20,"Special","85.50","1.93","2.26"
18,"High Quality","523.21","11.78","2.25"
10,"Lake","499.63","11.25","2.25"
15,"Radius","272.58","6.14","2.25"
12,"Gauss","322.81","7.22","2.24"
18,"Urban","105.08","2.35","2.24"
24,"Robust","276.89","6.20","2.24"
19,"Applause","125.66","2.80","2.23"
16,"Walrus","631.38","14.11","2.23"
1,"Hilltop","924.23","20.50","2.22"
1,"Gulf Coast","419.73","9.31","2.22"
10,"Denny","1382.90","30.68","2.22"
20,"Big Time","585.79","12.96","2.21"
15,"Toucan","126.42","2.78","2.20"
18,"PigTail","350.48","7.70","2.20"
7,"Shady Lake","397.49","8.69","2.19"
21,"Jardon","134.54","2.94","2.19"
8,"Curlew","118.02","2.58","2.19"
9,"Denny","656.38","14.31","2.18"
19,"Consolidated","955.45","20.79","2.18"
9,"CDR","405.89","8.81","2.17"
20,"Club","307.40","6.67","2.17"
10,"Bird Call","723.74","15.65","2.16"
15,"Gauss","406.68","8.78","2.16"
11,"Akron","162.68","3.52","2.16"
11,"Dual City","78.88","1.70","2.16"
1,"Shady Lake","241.31","5.18","2.15"
4,"Colony","303.53","6.54","2.15"
6,"Radius","247.63","5.28","2.13"
4,"Monarch","230.20","4.91","2.13"
9,"Even Better","234.10","4.97","2.12"
23,"Jeffers","125.27","2.65","2.12"
6,"Robust","281.98","5.94","2.11"
7,"Sphinx","475.00","9.98","2.10"
8,"Modell","434.24","9.12","2.10"
18,"Even Better","226.76","4.77","2.10"
20,"Great","160.24","3.36","2.10"
11,"Genteel","90.85","1.90","2.09"
8,"Nationeel","2221.72","46.34","2.09"
11,"Red Wing","2897.14","60.38","2.08"
15,"Jeffers","220.87","4.58","2.07"
16,"Steady","1073.68","22.16","2.06"
1,"Fabulous","427.11","8.74","2.05"
1,"Footnote","47.33","0.97","2.05"
15,"Johnson","114.69","2.35","2.05"
7,"Prelude","112.70","2.30","2.04"
23,"Monarch","142.24","2.90","2.04"
23,"Plato","673.35","13.72","2.04"
18,"Faux Products","346.69","7.06","2.04"
15,"Symphony","78.40","1.60","2.04"
9,"BBB Best","498.09","10.10","2.03"
7,"Footnote","73.35","1.49","2.03"
23,"Giant","162.46","3.30","2.03"
9,"Cormorant","494.84","9.99","2.02"
13,"Walrus","848.25","17.16","2.02"
8,"Applause","138.28","2.80","2.02"
15,"Giant","367.31","7.43","2.02"
12,"Choice","309.20","6.21","2.01"
12,"Imagine","1925.55","38.62","2.01"
24,"Akron","175.14","3.50","2.00"
15,"Blue Label","1616.86","32.28","2.00"
13,"Red Spade","1665.10","33.32","2.00"
15,"Plato","1921.07","38.51","2.00"
6,"Portsmouth","694.75","13.88","2.00"
21,"Swell","164.61","3.26","1.98"
8,"Mighty Good","340.85","6.74","1.98"
12,"Good","530.38","10.51","1.98"
24,"Modell","726.51","14.40","1.98"
11,"Choice","323.42","6.39","1.98"
17,"Green Ribbon","157.49","3.11","1.97"
19,"Curlew","82.44","1.62","1.97"
7,"National","296.54","5.84","1.97"
8,"Tell Tale","2566.12","50.48","1.97"
12,"Toucan","70.94","1.40","1.97"
18,"Red Spade","181.90","3.56","1.96"
15,"Genteel","96.75","1.90","1.96"
13,"Johnson","283.91","5.53","1.95"
6,"Better","1040.80","20.32","1.95"
4,"Swell","83.66","1.63","1.95"
16,"Club","1469.32","28.71","1.95"
24,"Applause","264.98","5.14","1.94"
4,"CDR","1060.96","20.59","1.94"
8,"Shady Lake","268.36","5.18","1.93"
10,"Framton","118.92","2.30","1.93"
7,"Faux Products","1244.28","23.95","1.92"
7,"Good","680.23","13.07","1.92"
11,"Blue Label","1576.69","30.33","1.92"
19,"Modell","515.07","9.84","1.91"
6,"Gerolli","176.68","3.38","1.91"
1,"Dollar","152.72","2.91","1.91"
1,"Good","412.18","7.77","1.89"
23,"Even Better","695.14","13.12","1.89"
12,"Top Measure","372.91","7.04","1.89"
6,"Modell","498.59","9.42","1.89"
1,"Super","1120.78","21.02","1.88"
16,"Framton","244.41","4.60","1.88"
11,"Musial","593.13","11.18","1.88"
23,"Atomic","278.40","5.24","1.88"
1,"Radius","91.98","1.72","1.87"
6,"Dollar","304.96","5.70","1.87"
6,"Jeffers","206.67","3.86","1.87"
4,"Good","426.76","7.98","1.87"
8,"Walrus","510.42","9.48","1.86"
18,"Club","369.79","6.88","1.86"
20,"Golden","327.88","6.11","1.86"
1,"Token","257.44","4.79","1.86"
18,"Modell","131.08","2.44","1.86"
8,"Skinner","690.77","12.88","1.86"
15,"Skinner","636.92","11.78","1.85"
10,"Monarch","195.76","3.60","1.84"
4,"Musial","261.12","4.80","1.84"
3,"Musial","613.68","11.20","1.83"
20,"Nationeel","585.97","10.69","1.82"
24,"Hermanos","3624.76","65.89","1.82"
20,"High Top","643.55","11.72","1.82"
7,"Steady","1138.10","20.74","1.82"
19,"Excel","317.44","5.77","1.82"
23,"Pleasant","668.26","12.14","1.82"
15,"Faux Products","1197.03","21.65","1.81"
12,"Golden","1710.43","30.76","1.80"
4,"Fantastic","248.88","4.49","1.80"
21,"High Top","2103.70","37.97","1.80"
11,"Swell","129.80","2.34","1.80"
10,"Imagine","1159.79","20.83","1.80"
16,"Fantastic","488.06","8.80","1.80"
8,"Colony","395.14","7.13","1.80"
17,"Toretti","67.76","1.21","1.79"
8,"Faux Products","890.00","15.92","1.79"
10,"Best","220.21","3.94","1.79"
4,"American","625.20","11.22","1.79"
12,"Tri-State","2446.80","43.44","1.78"
6,"Faux Products","1099.57","19.58","1.78"
20,"Steady","224.02","3.98","1.78"
8,"American","761.38","13.58","1.78"
23,"Golden","862.58","15.37","1.78"
21,"Lake","737.57","13.05","1.77"
13,"Medalist","832.78","14.63","1.76"
12,"Footnote","55.12","0.97","1.76"
4,"Even Better","633.23","11.17","1.76"
10,"Nationeel","1544.45","27.20","1.76"
19,"Steady","827.66","14.59","1.76"
13,"Robust","406.18","7.16","1.76"
24,"Colossal","445.15","7.80","1.75"
17,"Atomic","663.62","11.61","1.75"
1,"Ship Shape","100.02","1.75","1.75"
19,"Urban","213.30","3.74","1.75"
6,"Amigo","170.05","2.96","1.74"
8,"Framton","184.66","3.21","1.74"
21,"Fast","1748.67","30.39","1.74"
24,"Great","778.86","13.59","1.74"
6,"Swell","93.86","1.63","1.74"
8,"Just Right","1189.10","20.56","1.73"
17,"Blue Label","2158.65","37.39","1.73"
7,"Carlson","1621.97","28.02","1.73"
16,"Urban","353.88","6.09","1.72"
8,"Golden","1754.81","30.13","1.72"
16,"Shady Lake","466.52","8.01","1.72"
17,"Washington","1001.93","17.24","1.72"
21,"Shady Lake","311.88","5.34","1.71"
1,"Great","450.66","7.72","1.71"
17,"American","1405.05","24.04","1.71"
3,"Moms","1083.64","18.49","1.71"
13,"Even Better","2091.41","35.45","1.70"
15,"Fast","2680.19","45.63","1.70"
1,"Excel","126.68","2.15","1.70"
8,"Token","439.54","7.48","1.70"
7,"Mighty Good","323.43","5.49","1.70"
15,"Big Time","2581.67","43.81","1.70"
24,"Carlson","1489.71","25.32","1.70"
17,"High Quality","3742.10","63.80","1.70"
4,"Cutting Edge","426.60","7.23","1.69"
16,"Better","1237.78","20.91","1.69"
11,"Even Better","1453.97","24.59","1.69"
24,"Shady Lake","378.07","6.32","1.67"
7,"Medalist","513.56","8.56","1.67"
13,"Footnote","147.60","2.46","1.67"
21,"Musial","500.95","8.38","1.67"
15,"Even Better","1629.98","27.00","1.66"
19,"Toucan","83.32","1.38","1.66"
7,"Hilltop","1598.34","26.51","1.66"
18,"Just Right","278.15","4.62","1.66"
21,"Excel","194.60","3.23","1.66"
6,"CDR","1946.10","32.32","1.66"
20,"Musial","168.96","2.81","1.66"
8,"Pearl","302.32","5.00","1.65"
3,"Mighty Good","352.25","5.82","1.65"
24,"Giant","314.01","5.17","1.65"
1,"Excellent","521.25","8.60","1.65"
16,"Dollar","386.11","6.32","1.64"
16,"Consolidated","1254.44","20.63","1.64"
19,"Plato","1386.18","22.72","1.64"
1,"Colossal","178.26","2.92","1.64"
8,"Monarch","319.88","5.20","1.63"
21,"Ebony","2247.29","36.61","1.63"
17,"Shady Lake","515.31","8.41","1.63"
3,"Giant","336.09","5.49","1.63"
20,"CDR","318.40","5.20","1.63"
17,"Horatio","4018.12","65.03","1.62"
1,"Cutting Edge","437.20","7.10","1.62"
19,"Best Choice","2081.36","33.68","1.62"
15,"Curlew","159.54","2.58","1.62"
21,"Radius","156.68","2.53","1.61"
16,"Akron","110.24","1.76","1.60"
11,"Fast","2719.34","43.53","1.60"
6,"Medalist","452.35","7.22","1.60"
6,"Fantastic","583.18","9.31","1.60"
3,"Thresher","696.18","11.12","1.60"
23,"Cormorant","1015.48","16.27","1.60"
23,"Tri-State","1341.42","21.44","1.60"
6,"Hermanos","3271.83","52.35","1.60"
17,"Colony","802.75","12.79","1.59"
15,"Mighty Good","340.36","5.40","1.59"
12,"Even Better","1376.48","21.89","1.59"
7,"Colossal","461.00","7.31","1.59"
21,"Booker","1037.89","16.49","1.59"
7,"Top Measure","551.50","8.79","1.59"
1,"Red Spade","498.17","7.87","1.58"
17,"Gerolli","213.62","3.38","1.58"
8,"Fast","1895.50","29.88","1.58"
11,"Skinner","773.14","12.21","1.58"
24,"Just Right","1836.84","29.10","1.58"
8,"Fabulous","609.83","9.64","1.58"
10,"Landslide","932.43","14.76","1.58"
12,"Swell","102.93","1.63","1.58"
6,"Imagine","1848.58","29.22","1.58"
13,"Blue Medal","487.33","7.71","1.58"
1,"Thresher","302.76","4.76","1.57"
16,"Sphinx","480.12","7.53","1.57"
13,"Tri-State","5019.32","78.78","1.57"
24,"Portsmouth","699.08","10.98","1.57"
7,"Jumbo","279.45","4.39","1.57"
3,"Quick","231.73","3.64","1.57"
16,"Red Wing","2480.26","38.57","1.56"
11,"ADJ","176.64","2.76","1.56"
11,"Best","350.23","5.47","1.56"
21,"Giant","246.08","3.84","1.56"
19,"Hilltop","1377.53","21.52","1.56"
10,"Gorilla","876.44","13.67","1.56"
24,"Kiwi","152.88","2.38","1.56"
3,"Akron","113.80","1.76","1.55"
18,"Colossal","120.48","1.87","1.55"
8,"Best","256.62","3.98","1.55"
18,"Better","364.88","5.66","1.55"
17,"Plato","2851.18","44.26","1.55"
17,"Queen","181.50","2.82","1.55"
12,"Blue Label","1142.91","17.64","1.54"
3,"Club","1632.35","25.11","1.54"
15,"Excellent","834.22","12.81","1.54"
7,"Genteel","123.30","1.90","1.54"
6,"Even Better","1311.21","20.13","1.54"
7,"Horatio","2655.14","40.96","1.54"
8,"High Quality","2099.26","32.15","1.53"
3,"Imagine","2296.42","35.12","1.53"
23,"Carlson","713.91","10.89","1.53"
1,"Nationeel","1409.80","21.63","1.53"
10,"Red Wing","1110.18","17.01","1.53"
11,"Super","2060.23","31.29","1.52"
24,"Nationeel","2853.93","43.38","1.52"
8,"Hilltop","1339.61","20.40","1.52"
19,"Green Ribbon","86.27","1.31","1.52"
11,"Sunset","2412.00","36.72","1.52"
1,"BBB Best","1006.50","15.32","1.52"
13,"Blue Label","2357.38","35.53","1.51"
23,"Pearl","127.31","1.92","1.51"
11,"Carlson","1588.47","24.02","1.51"
9,"Faux Products","365.26","5.50","1.51"
3,"Good","679.92","10.20","1.50"
4,"Horatio","1585.99","23.80","1.50"
8,"Big Time","1809.29","27.11","1.50"
7,"Akron","117.46","1.76","1.50"
23,"Fabulous","398.57","5.92","1.49"
19,"Gauss","297.39","4.44","1.49"
10,"Club","734.29","10.92","1.49"
3,"Ebony","3211.53","47.63","1.48"
3,"American","1051.28","15.60","1.48"
13,"Quick","351.58","5.22","1.48"
3,"Red Spade","1054.80","15.52","1.47"
3,"Horatio","2888.39","42.50","1.47"
4,"Fabulous","447.89","6.56","1.46"
16,"Fast","2405.34","35.13","1.46"
12,"Pleasant","1173.71","17.16","1.46"
13,"Lake","1350.85","19.74","1.46"
6,"Akron","119.10","1.74","1.46"
7,"Musial","566.33","8.26","1.46"
13,"Horatio","3876.02","56.66","1.46"
4,"Faux Products","598.85","8.72","1.46"
8,"Super","1603.88","23.43","1.46"
8,"Red Wing","1690.67","24.67","1.46"
23,"Fort West","1166.01","16.92","1.45"
12,"Mighty Good","337.37","4.90","1.45"
21,"Fort West","1847.13","26.80","1.45"
20,"Bird Call","272.34","3.96","1.45"
3,"Medalist","522.09","7.50","1.44"
8,"Bird Call","871.84","12.52","1.44"
24,"Carrington","2107.13","30.43","1.44"
9,"High Quality","534.63","7.69","1.44"
13,"Tip Top","164.27","2.37","1.44"
4,"Mighty Good","171.41","2.45","1.43"
19,"Booker","994.37","14.22","1.43"
3,"Best","278.94","3.98","1.43"
8,"Horatio","2216.22","31.61","1.43"
13,"Musial","898.39","12.85","1.43"
23,"Denny","1060.49","15.09","1.42"
19,"Jardon","125.64","1.78","1.42"
13,"Skinner","1165.03","16.59","1.42"
15,"Horatio","2860.73","40.66","1.42"
15,"Pleasant","1800.73","25.58","1.42"
1,"Urban","263.73","3.74","1.42"
11,"Hilltop","1807.85","25.52","1.41"
19,"Better","981.93","13.84","1.41"
7,"Fabulous","880.80","12.44","1.41"
24,"Dollar","299.91","4.24","1.41"
3,"Cutting Edge","946.34","13.33","1.41"
8,"Medalist","436.58","6.16","1.41"
9,"Better","328.23","4.60","1.40"
6,"Consolidated","900.74","12.63","1.40"
17,"Genteel","135.70","1.90","1.40"
4,"BBB Best","1015.21","14.26","1.40"
11,"Cutting Edge","998.70","14.00","1.40"
8,"Consolidated","839.24","11.77","1.40"
16,"Big Time","2489.80","34.79","1.40"
11,"Better","1508.71","21.08","1.40"
24,"Horatio","2516.22","35.12","1.40"
13,"Cutting Edge","1316.62","18.33","1.39"
10,"Excellent","408.52","5.67","1.39"
17,"Choice","546.35","7.59","1.39"
23,"Hermanos","1621.44","22.50","1.39"
8,"High Top","2429.05","33.78","1.39"
1,"Horatio","1429.92","19.81","1.39"
3,"CDR","1642.79","22.89","1.39"
19,"Blue Label","1060.16","14.77","1.39"
6,"Colony","647.26","8.98","1.39"
24,"Skinner","765.21","10.62","1.39"
17,"Urban","525.55","7.31","1.39"
8,"Fort West","2045.70","28.22","1.38"
24,"Excel","311.07","4.30","1.38"
23,"Gulf Coast","255.77","3.54","1.38"
3,"Amigo","201.83","2.79","1.38"
12,"Faux Products","1142.66","15.76","1.38"
3,"Even Better","1406.05","19.40","1.38"
10,"Colossal","244.26","3.37","1.38"
18,"BBB Best","402.24","5.56","1.38"
6,"Great","803.54","11.12","1.38"
4,"Pleasant","820.80","11.31","1.38"
17,"Gorilla","2194.61","30.34","1.38"
18,"Golden","494.98","6.85","1.38"
21,"Sunset","1569.94","21.51","1.37"
8,"Ebony","2732.32","37.30","1.37"
17,"Excel","419.72","5.75","1.37"
12,"Sunset","1635.61","22.46","1.37"
21,"Colony","387.45","5.30","1.37"
16,"Sunset","2149.75","29.38","1.37"
12,"Booker","1096.70","15.05","1.37"
20,"Urban","95.47","1.31","1.37"
9,"Fort West","520.35","7.09","1.36"
11,"Discover","458.34","6.22","1.36"
19,"Red Spade","619.75","8.43","1.36"
16,"Atomic","523.82","7.10","1.36"
23,"Just Right","805.96","10.95","1.36"
16,"CDR","1864.38","25.44","1.36"
4,"High Quality","1256.20","17.13","1.36"
16,"Colony","642.81","8.72","1.36"
21,"Great","619.07","8.41","1.36"
16,"Musial","682.60","9.27","1.36"
11,"Hermanos","3843.53","52.43","1.36"
19,"Ebony","2663.16","36.15","1.36"
4,"Bird Call","702.59","9.53","1.36"
3,"Tell Tale","3367.33","45.78","1.36"
4,"Denny","1285.64","17.34","1.35"
6,"High Quality","1948.74","26.37","1.35"
8,"Top Measure","305.97","4.14","1.35"
7,"Washington","715.38","9.67","1.35"
6,"Horatio","2630.01","35.61","1.35"
6,"Kiwi","166.46","2.25","1.35"
15,"Pearl","464.82","6.28","1.35"
21,"Bravo","1327.42","17.90","1.35"
10,"Thresher","272.12","3.65","1.34"
20,"Carlson","312.39","4.18","1.34"
7,"Best Choice","2657.43","35.68","1.34"
3,"Nationeel","2848.35","38.17","1.34"
21,"American","733.44","9.81","1.34"
19,"PigTail","1221.71","16.40","1.34"
17,"Landslide","2405.19","32.31","1.34"
12,"Red Spade","840.13","11.25","1.34"
16,"Gorilla","1588.12","21.17","1.33"
19,"Nationeel","2176.93","28.97","1.33"
8,"Bravo","1396.62","18.56","1.33"
4,"Tri-State","1587.38","21.13","1.33"
12,"PigTail","1601.31","21.24","1.33"
12,"Bird Call","969.32","12.87","1.33"
1,"Club","714.67","9.52","1.33"
17,"James Bay","283.92","3.78","1.33"
9,"Red Wing","549.71","7.31","1.33"
18,"Bravo","332.95","4.41","1.32"
17,"Even Better","2058.57","27.26","1.32"
4,"Better","681.95","9.02","1.32"
21,"Moms","817.80","10.82","1.32"
13,"Gauss","836.31","11.02","1.32"
18,"Red Wing","477.48","6.32","1.32"
24,"Footnote","112.54","1.49","1.32"
6,"Landslide","1527.74","20.16","1.32"
7,"Booker","1247.56","16.30","1.31"
8,"Discover","275.67","3.61","1.31"
8,"Hermanos","2763.48","36.10","1.31"
20,"Plato","350.59","4.58","1.31"
20,"Blue Label","311.74","4.07","1.31"
15,"Walrus","537.96","7.07","1.31"
9,"American","219.57","2.87","1.31"
4,"Red Wing","1137.38","14.86","1.31"
15,"Swell","178.65","2.34","1.31"
13,"Tell Tale","5400.51","70.10","1.30"
7,"BBB Best","2078.70","26.93","1.30"
19,"Even Better","1064.17","13.87","1.30"
15,"Modell","687.68","8.91","1.30"
6,"Steady","1128.00","14.64","1.30"
23,"Red Wing","1097.12","14.31","1.30"
10,"BBB Best","895.03","11.62","1.30"
13,"Monarch","706.14","9.12","1.29"
3,"Faux Products","1289.96","16.66","1.29"
21,"Denny","1990.49","25.69","1.29"
23,"Shady Lake","206.90","2.67","1.29"
13,"Pleasant","2405.11","31.13","1.29"
21,"Carrington","1778.70","22.84","1.28"
15,"Booker","1253.17","16.10","1.28"
3,"Fabulous","893.65","11.40","1.28"
23,"PigTail","782.65","9.98","1.28"
11,"Lake","1079.46","13.87","1.28"
23,"Consolidated","521.53","6.61","1.27"
17,"Gulf Coast","894.73","11.37","1.27"
17,"Hermanos","5115.62","64.91","1.27"
24,"Bird Call","1110.77","14.08","1.27"
10,"Moms","694.35","8.81","1.27"
11,"Denny","2693.12","34.16","1.27"
24,"Big Time","2760.24","35.19","1.27"
12,"Medalist","283.55","3.61","1.27"
23,"Good","254.71","3.24","1.27"
20,"Portsmouth","169.88","2.16","1.27"
8,"Radius","201.45","2.53","1.26"
13,"Sunset","3476.65","43.64","1.26"
16,"Nationeel","2849.50","35.86","1.26"
8,"Better","1161.39","14.64","1.26"
12,"Applause","185.54","2.34","1.26"
3,"Colony","595.84","7.48","1.26"
11,"Big Time","2631.51","33.21","1.26"
9,"Cutting Edge","191.74","2.41","1.26"
24,"Curlew","129.72","1.62","1.25"
24,"Fantastic","570.37","7.11","1.25"
6,"Super","1626.55","20.32","1.25"
13,"PigTail","2916.76","36.44","1.25"
8,"Jumbo","297.79","3.72","1.25"
15,"Gorilla","1464.52","18.32","1.25"
12,"Best Choice","2177.27","27.20","1.25"
20,"American","233.33","2.92","1.25"
1,"Landslide","831.85","10.42","1.25"
13,"Thresher","1009.37","12.47","1.24"
8,"Carrington","1781.29","22.13","1.24"
11,"Framton","185.62","2.30","1.24"
3,"Walrus","669.41","8.27","1.24"
4,"High Top","1596.94","19.80","1.24"
12,"Landslide","1373.56","17.10","1.24"
13,"Applause","225.82","2.80","1.24"
12,"Hilltop","1244.00","15.38","1.24"
19,"Big Time","1936.44","24.03","1.24"
17,"Pleasant","2348.81","29.17","1.24"
21,"Cutting Edge","646.72","8.02","1.24"
13,"Better","2018.27","24.98","1.24"
23,"Steady","539.97","6.72","1.24"
16,"Carrington","2451.36","30.37","1.24"
1,"Consolidated","722.24","8.91","1.23"
15,"Urban","382.20","4.70","1.23"
23,"Tell Tale","1345.15","16.56","1.23"
6,"Pleasant","1318.83","16.23","1.23"
12,"Fabulous","652.68","8.02","1.23"
16,"Lake","1041.49","12.80","1.23"
16,"Ebony","3298.59","40.41","1.23"
15,"Club","1650.96","20.26","1.23"
17,"Golden","2842.54","34.93","1.23"
3,"Skinner","737.92","9.10","1.23"
19,"Colony","417.72","5.14","1.23"
11,"Excellent","926.55","11.38","1.23"
12,"Colossal","322.72","3.94","1.22"
19,"Excellent","600.85","7.32","1.22"
7,"Framton","187.82","2.30","1.22"
12,"High Top","2318.37","28.27","1.22"
15,"Nationeel","3027.75","36.89","1.22"
15,"Bird Call","1240.72","15.19","1.22"
21,"Pleasant","1093.53","13.37","1.22"
7,"Red Wing","2470.25","29.90","1.21"
17,"Excellent","1194.08","14.43","1.21"
11,"Landslide","1707.92","20.59","1.21"
3,"Modell","668.46","8.10","1.21"
15,"Applause","193.44","2.34","1.21"
3,"Pearl","400.33","4.86","1.21"
11,"Top Measure","625.00","7.53","1.20"
7,"Modell","749.77","8.99","1.20"
11,"Bravo","1842.39","22.03","1.20"
19,"Landslide","1371.56","16.45","1.20"
19,"High Top","2337.15","28.03","1.20"
17,"Discover","434.42","5.22","1.20"
11,"Jardon","147.94","1.78","1.20"
6,"Ship Shape","146.32","1.75","1.20"
7,"Hermanos","3581.10","42.84","1.20"
19,"Musial","572.54","6.86","1.20"
15,"Red Wing","2517.67","30.10","1.20"
19,"Cormorant","1804.20","21.42","1.19"
3,"Gorilla","1469.42","17.51","1.19"
4,"Great","549.95","6.54","1.19"
9,"Ebony","624.21","7.41","1.19"
7,"Special","613.82","7.33","1.19"
19,"High Quality","1954.09","23.28","1.19"
17,"Tri-State","4325.08","51.42","1.19"
1,"James Bay","144.72","1.72","1.19"
7,"Moms","994.79","11.75","1.18"
17,"Cutting Edge","1248.34","14.79","1.18"
19,"Golden","1500.56","17.69","1.18"
3,"Bravo","1793.69","21.13","1.18"
20,"Gorilla","303.54","3.59","1.18"
12,"Lake","916.63","10.80","1.18"
4,"Super","1058.25","12.48","1.18"
16,"Horatio","2710.38","31.59","1.17"
23,"Sunset","857.94","10.04","1.17"
13,"Gorilla","2435.76","28.62","1.17"
12,"Red Wing","2022.88","23.76","1.17"
17,"Just Right","2095.35","24.62","1.17"
1,"Fast","1297.31","15.19","1.17"
16,"High Quality","2444.00","28.48","1.17"
1,"Discover","212.81","2.47","1.16"
9,"Fast","534.42","6.18","1.16"
7,"Tell Tale","3430.08","39.83","1.16"
18,"Sunset","371.52","4.32","1.16"
10,"Medalist","326.57","3.80","1.16"
17,"Pearl","524.41","6.10","1.16"
11,"Fort West","2404.26","27.78","1.16"
12,"Excellent","623.33","7.21","1.16"
13,"Fantastic","1136.40","13.15","1.16"
24,"CDR","1884.47","21.62","1.15"
11,"Faux Products","1091.19","12.57","1.15"
7,"Nationeel","2792.57","32.13","1.15"
12,"Fort West","1987.87","22.90","1.15"
13,"Good","848.26","9.78","1.15"
19,"BBB Best","1617.25","18.59","1.15"
10,"Booker","806.13","9.26","1.15"
12,"Johnson","124.08","1.43","1.15"
10,"Golden","1067.35","12.16","1.14"
17,"Dual City","149.48","1.70","1.14"
15,"Carlson","1545.54","17.68","1.14"
1,"CDR","1031.10","11.72","1.14"
1,"Tri-State","1437.68","16.42","1.14"
11,"Nationeel","2943.80","33.56","1.14"
13,"Colossal","568.84","6.50","1.14"
17,"Hilltop","2294.63","26.24","1.14"
4,"Sunset","998.27","11.35","1.14"
16,"Best Choice","2541.67","28.74","1.13"
16,"Even Better","1630.03","18.38","1.13"
23,"Portsmouth","403.56","4.57","1.13"
3,"Jardon","136.20","1.54","1.13"
4,"Imagine","1096.54","12.41","1.13"
12,"Token","348.79","3.95","1.13"
19,"Sphinx","384.96","4.35","1.13"
12,"Colony","621.90","7.01","1.13"
1,"Medalist","338.26","3.80","1.12"
8,"CDR","1522.18","17.12","1.12"
24,"Tri-State","3215.28","35.87","1.12"
16,"Golden","2220.07","24.90","1.12"
6,"Golden","1908.70","21.13","1.11"
21,"PigTail","1296.67","14.39","1.11"
16,"Blue Label","1646.97","18.30","1.11"
20,"Tell Tale","677.39","7.55","1.11"
8,"Steady","865.74","9.61","1.11"
18,"Consolidated","222.80","2.47","1.11"
21,"Mighty Good","285.05","3.16","1.11"
16,"Denny","2587.31","28.58","1.10"
24,"Lake","889.30","9.77","1.10"
6,"Johnson","129.62","1.43","1.10"
21,"Carlson","1114.94","12.26","1.10"
19,"Monarch","327.74","3.60","1.10"
17,"Best Choice","3897.73","42.79","1.10"
12,"Musial","510.01","5.62","1.10"
6,"Thresher","556.84","6.14","1.10"
13,"Hermanos","5933.32","65.35","1.10"
13,"Fabulous","1423.50","15.50","1.09"
12,"Nationeel","2079.62","22.62","1.09"
24,"Sunset","2141.95","23.36","1.09"
1,"Big Time","1143.77","12.42","1.09"
11,"Horatio","2805.06","30.64","1.09"
17,"Jeffers","422.49","4.62","1.09"
24,"Tell Tale","2893.02","31.49","1.09"
1,"Pleasant","889.09","9.71","1.09"
1,"Fort West","1244.69","13.57","1.09"
19,"Sunset","1911.41","20.78","1.09"
11,"Ebony","3357.46","36.63","1.09"
17,"Cormorant","3262.75","35.65","1.09"
21,"Red Wing","1783.37","19.45","1.09"
17,"Booker","2029.18","21.90","1.08"
19,"Fast","1749.82","18.94","1.08"
6,"High Top","2725.32","29.46","1.08"
10,"High Top","1601.20","17.22","1.08"
20,"High Quality","501.80","5.40","1.08"
16,"Jeffers","245.07","2.65","1.08"
9,"Blue Label","276.46","2.99","1.08"
11,"Giant","418.89","4.52","1.08"
17,"Club","2156.00","23.18","1.08"
16,"Great","842.70","9.11","1.08"
10,"Tri-State","1697.03","18.27","1.08"
6,"Token","542.66","5.86","1.08"
4,"Fast","1446.57","15.58","1.08"
19,"Colossal","524.70","5.61","1.07"
1,"Steady","521.70","5.60","1.07"
20,"Sphinx","119.06","1.27","1.07"
3,"Denny","2536.00","27.02","1.07"
7,"Token","503.86","5.40","1.07"
24,"Plato","1747.20","18.78","1.07"
9,"Modell","117.69","1.26","1.07"
16,"Kiwi","211.03","2.25","1.07"
3,"Super","1990.92","21.19","1.06"
23,"Imagine","1061.52","11.22","1.06"
6,"Sunset","2047.93","21.66","1.06"
1,"Bravo","822.09","8.68","1.06"
11,"PigTail","1944.97","20.66","1.06"
7,"Pearl","410.90","4.35","1.06"
3,"High Top","2660.62","28.12","1.06"
7,"Carrington","2331.52","24.78","1.06"
11,"Club","1196.26","12.63","1.06"
8,"Carlson","1277.13","13.59","1.06"
15,"CDR","2089.67","22.14","1.06"
16,"Jardon","181.46","1.92","1.06"
15,"Blue Medal","469.26","4.93","1.05"
4,"Carrington","1117.34","11.72","1.05"
11,"Just Right","1486.46","15.56","1.05"
11,"Mighty Good","350.89","3.70","1.05"
21,"Thresher","398.92","4.20","1.05"
7,"Best","288.77","3.02","1.05"
24,"Cormorant","2221.32","23.27","1.05"
1,"Skinner","409.61","4.28","1.04"
11,"Steady","1200.13","12.45","1.04"
8,"Excellent","516.05","5.39","1.04"
3,"Choice","343.59","3.58","1.04"
12,"Jardon","147.68","1.54","1.04"
6,"Cormorant","1867.04","19.35","1.04"
15,"Fort West","2815.19","29.23","1.04"
23,"BBB Best","872.78","9.06","1.04"
21,"Jumbo","257.72","2.68","1.04"
11,"Quick","251.10","2.61","1.04"
11,"Moms","1004.65","10.44","1.04"
24,"Better","1305.33","13.53","1.04"
3,"Hermanos","3473.53","35.74","1.03"
8,"Blue Medal","352.39","3.63","1.03"
4,"Urban","125.72","1.30","1.03"
1,"Hermanos","1608.99","16.52","1.03"
4,"Johnson","80.21","0.83","1.03"
24,"Sphinx","504.57","5.22","1.03"
3,"Better","1466.63","15.14","1.03"
21,"Choice","258.95","2.67","1.03"
21,"Queen","86.22","0.89","1.03"
12,"Dollar","292.90","3.01","1.03"
15,"Tell Tale","3503.45","35.71","1.02"
17,"Bravo","2509.91","25.72","1.02"
12,"Excel","210.42","2.15","1.02"
15,"Sphinx","591.06","6.02","1.02"
17,"National","479.76","4.91","1.02"
8,"Imagine","1710.53","17.50","1.02"
19,"Horatio","2173.83","22.14","1.02"
20,"Tri-State","542.61","5.54","1.02"
11,"Consolidated","1302.56","13.27","1.02"
8,"Plato","1310.62","13.30","1.01"
13,"Plato","3054.51","30.81","1.01"
11,"American","1035.00","10.44","1.01"
24,"Urban","354.26","3.58","1.01"
21,"Good","475.81","4.82","1.01"
4,"Landslide","895.60","9.08","1.01"
19,"Tell Tale","2301.07","23.21","1.01"
24,"Atomic","554.00","5.60","1.01"
18,"Horatio","557.15","5.63","1.01"
3,"Jeffers","227.03","2.29","1.01"
11,"High Quality","2467.24","24.94","1.01"
17,"Musial","814.05","8.24","1.01"
10,"Super","1002.54","10.00","1.00"
9,"Nationeel","744.98","7.47","1.00"
7,"Fast","2512.60","25.12","1.00"
24,"Red Wing","2530.92","25.28","1.00"
12,"Moms","846.00","8.48","1.00"
23,"Gorilla","563.72","5.64","1.00"
11,"Robust","259.16","2.58","1.00"
18,"Tell Tale","706.91","7.08","1.00"
12,"Carrington","1766.39","17.68","1.00"
11,"Dollar","341.00","3.41","1.00"
6,"Bravo","1421.45","14.21","1.00"
23,"Blue Label","669.83","6.69","1.00"
21,"Horatio","2052.39","20.60","1.00"
7,"Consolidated","1086.22","10.90","1.00"
24,"High Top","2982.60","29.85","1.00"
12,"Special","273.27","2.74","1.00"
19,"Super","1775.96","17.73","1.00"
4,"Ebony","1468.33","14.66","1.00"
9,"Best Choice","646.78","6.42","0.99"
6,"Cutting Edge","701.12","6.96","0.99"
10,"Colony","250.17","2.48","0.99"
17,"CDR","2754.39","27.29","0.99"
7,"Curlew","162.84","1.62","0.99"
13,"Best Choice","4251.69","41.95","0.99"
1,"Top Measure","233.42","2.31","0.99"
12,"Skinner","567.13","5.59","0.99"
15,"Bravo","1865.41","18.50","0.99"
23,"High Top","1234.32","12.25","0.99"
17,"Consolidated","1811.69","17.99","0.99"
13,"Toucan","138.96","1.38","0.99"
1,"High Top","1429.26","14.16","0.99"
9,"Landslide","354.22","3.46","0.98"
16,"Imagine","2046.64","20.01","0.98"
24,"Denny","2297.45","22.52","0.98"
8,"Best Choice","1973.20","19.32","0.98"
16,"BBB Best","2005.45","19.75","0.98"
6,"Carlson","1433.19","14.10","0.98"
12,"High Quality","1971.35","19.23","0.98"
4,"Gulf Coast","348.92","3.43","0.98"
17,"Bird Call","1717.92","16.91","0.98"
16,"Moms","1107.37","10.82","0.98"
6,"Giant","272.36","2.66","0.98"
9,"Bravo","423.84","4.15","0.98"
9,"Hermanos","827.92","8.10","0.98"
12,"Hermanos","2819.66","27.22","0.97"
15,"High Quality","2835.16","27.63","0.97"
16,"Mighty Good","279.51","2.70","0.97"
11,"High Top","3046.16","29.66","0.97"
20,"Sunset","357.02","3.48","0.97"
8,"Washington","497.48","4.84","0.97"
24,"Jardon","123.50","1.20","0.97"
7,"Blue Label","1516.02","14.67","0.97"
7,"Club","1385.82","13.48","0.97"
24,"Pleasant","1541.33","14.97","0.97"
8,"Blue Label","1168.17","11.36","0.97"
23,"Sphinx","200.87","1.95","0.97"
8,"Lake","819.54","7.84","0.96"
24,"BBB Best","2035.83","19.48","0.96"
17,"Robust","464.42","4.45","0.96"
21,"Gorilla","966.56","9.30","0.96"
11,"Cormorant","2558.74","24.57","0.96"
19,"Tri-State","2440.55","23.39","0.96"
8,"Moms","838.54","8.09","0.96"
15,"Carrington","2573.76","24.58","0.96"
11,"Pleasant","1442.36","13.83","0.96"
7,"Fort West","2749.10","26.43","0.96"
12,"Just Right","1095.80","10.47","0.96"
9,"Big Time","418.61","4.02","0.96"
17,"Tell Tale","4623.03","44.16","0.96"
13,"Just Right","2270.70","21.91","0.96"
21,"Just Right","1056.73","10.09","0.95"
13,"Excel","380.38","3.62","0.95"
18,"Ebony","683.05","6.48","0.95"
24,"PigTail","1735.09","16.51","0.95"
4,"Big Time","1344.32","12.76","0.95"
18,"High Top","788.20","7.47","0.95"
20,"PigTail","448.25","4.24","0.95"
16,"Hermanos","3487.01","33.19","0.95"
4,"Portsmouth","283.94","2.70","0.95"
12,"Sphinx","361.52","3.43","0.95"
1,"Musial","308.57","2.92","0.95"
15,"High Top","2907.22","27.54","0.95"
3,"Hilltop","1501.92","14.30","0.95"
24,"Washington","791.31","7.43","0.94"
6,"Best Choice","2363.54","22.33","0.94"
13,"Bravo","2685.19","25.12","0.94"
12,"Portsmouth","583.26","5.47","0.94"
17,"Ebony","4384.24","41.09","0.94"
17,"Sunset","3038.64","28.45","0.94"
16,"Fabulous","775.87","7.31","0.94"
15,"Best Choice","2563.53","23.86","0.93"
13,"Imagine","3528.07","32.98","0.93"
11,"Golden","1937.35","17.97","0.93"
11,"Blue Medal","390.26","3.63","0.93"
17,"Mighty Good","489.99","4.55","0.93"
10,"Even Better","801.19","7.45","0.93"
21,"Hermanos","2519.85","23.32","0.93"
13,"Mighty Good","502.42","4.68","0.93"
19,"Hermanos","2608.52","24.26","0.93"
10,"Horatio","1419.53","13.27","0.93"
12,"Fast","2157.81","20.00","0.93"
18,"CDR","376.67","3.52","0.93"
24,"Super","2125.54","19.75","0.93"
13,"Giant","568.36","5.24","0.92"
12,"National","236.98","2.19","0.92"
17,"Good","789.19","7.30","0.92"
16,"Pleasant","1462.89","13.51","0.92"
4,"Skinner","306.00","2.83","0.92"
21,"Landslide","1333.94","12.28","0.92"
3,"Golden","2086.58","19.16","0.92"
7,"Gerolli","146.26","1.34","0.92"
6,"Denny","1955.44","18.07","0.92"
7,"Cormorant","2095.70","18.99","0.91"
24,"Golden","2110.73","19.18","0.91"
9,"Hilltop","419.67","3.81","0.91"
4,"Hermanos","1645.72","14.91","0.91"
19,"Medalist","455.13","4.12","0.91"
10,"Urban","197.54","1.79","0.91"
15,"Cormorant","2487.78","22.60","0.91"
13,"CDR","2880.86","26.11","0.91"
7,"Bravo","1702.21","15.40","0.90"
4,"Walrus","314.10","2.84","0.90"
11,"Gorilla","1690.40","15.27","0.90"
4,"Cormorant","1223.11","10.99","0.90"
15,"Token","485.25","4.38","0.90"
7,"Golden","2189.57","19.75","0.90"
16,"High Top","3109.74","27.87","0.90"
19,"Jeffers","214.84","1.93","0.90"
3,"PigTail","1799.79","16.16","0.90"
6,"Gulf Coast","693.72","6.24","0.90"
19,"Cutting Edge","646.20","5.80","0.90"
24,"Genteel","129.65","1.15","0.89"
24,"Pearl","323.93","2.88","0.89"
13,"Special","637.45","5.65","0.89"
13,"Nationeel","4724.84","42.06","0.89"
7,"Lake","952.24","8.51","0.89"
4,"Tell Tale","1579.96","14.12","0.89"
4,"Steady","535.02","4.77","0.89"
17,"PigTail","2614.40","23.30","0.89"
13,"Ebony","4584.47","40.58","0.89"
19,"Imagine","1669.22","14.84","0.89"
3,"Carrington","2242.82","19.98","0.89"
17,"Steady","1609.69","14.25","0.89"
12,"Pearl","278.09","2.46","0.88"
6,"Mighty Good","279.52","2.45","0.88"
18,"Best Choice","494.27","4.36","0.88"
21,"Fantastic","396.38","3.49","0.88"
18,"Denny","685.31","6.02","0.88"
17,"Super","2930.26","25.87","0.88"
13,"Modell","870.74","7.67","0.88"
15,"BBB Best","2041.55","18.05","0.88"
17,"Fort West","3596.62","31.62","0.88"
8,"Sunset","1832.21","16.07","0.88"
15,"Better","1401.59","12.30","0.88"
13,"Ship Shape","198.61","1.75","0.88"
21,"Portsmouth","434.29","3.79","0.87"
24,"Club","1567.60","13.60","0.87"
16,"Plato","1803.09","15.63","0.87"
17,"Nationeel","4003.02","35.01","0.87"
23,"Horatio","1052.32","9.12","0.87"
6,"Red Wing","2241.23","19.46","0.87"
23,"Nationeel","1338.77","11.55","0.86"
13,"Jumbo","444.89","3.84","0.86"
3,"Excellent","840.18","7.24","0.86"
20,"Ebony","602.07","5.16","0.86"
15,"Fantastic","620.01","5.36","0.86"
21,"Nationeel","2095.99","17.97","0.86"
10,"Tell Tale","1748.85","15.04","0.86"
23,"Landslide","743.24","6.39","0.86"
10,"Sunset","1081.13","9.29","0.86"
13,"Landslide","2633.69","22.53","0.86"
19,"Club","987.38","8.45","0.86"
15,"Choice","339.21","2.92","0.86"
13,"High Quality","3915.49","33.86","0.86"
24,"Imagine","2299.88","19.84","0.86"
20,"Cutting Edge","180.29","1.55","0.86"
24,"Ebony","2975.60","25.50","0.86"
12,"Horatio","2265.55","19.32","0.85"
23,"Bravo","680.07","5.80","0.85"
6,"Fabulous","797.11","6.80","0.85"
18,"Fabulous","273.70","2.34","0.85"
17,"Fabulous","1159.67","9.84","0.85"
20,"Denny","503.14","4.30","0.85"
10,"Carrington","1063.81","9.06","0.85"
10,"Just Right","679.47","5.75","0.85"
17,"Gauss","816.15","6.83","0.84"
7,"James Bay","204.86","1.72","0.84"
21,"Best Choice","2277.31","19.20","0.84"
24,"Faux Products","1173.45","9.81","0.84"
6,"Tell Tale","2795.51","23.60","0.84"
6,"Footnote","115.10","0.97","0.84"
23,"Walrus","287.58","2.41","0.84"
21,"Cormorant","1763.28","14.78","0.84"
1,"Carrington","1232.87","10.35","0.84"
18,"Fast","557.05","4.66","0.84"
8,"Jardon","143.16","1.20","0.84"
24,"Fast","2794.17","23.37","0.84"
17,"High Top","4319.03","36.14","0.84"
21,"Tell Tale","2573.74","21.65","0.84"
12,"Club","959.02","8.08","0.84"
1,"American","440.93","3.65","0.83"
6,"Blue Label","1461.71","12.09","0.83"
7,"Big Time","2676.09","22.16","0.83"
6,"Excel","186.01","1.54","0.83"
4,"Plato","744.39","6.20","0.83"
1,"Faux Products","807.27","6.71","0.83"
24,"Gorilla","1532.50","12.66","0.83"
8,"Tri-State","2380.67","19.78","0.83"
16,"Skinner","846.83","7.06","0.83"
21,"Plato","1414.11","11.77","0.83"
11,"BBB Best","1901.99","15.73","0.83"
20,"Super","410.45","3.39","0.83"
1,"Better","758.59","6.19","0.82"
15,"Ebony","2909.81","23.92","0.82"
6,"BBB Best","1820.04","14.92","0.82"
16,"Tri-State","2981.27","24.55","0.82"
17,"Great","1317.14","10.75","0.82"
7,"Tri-State","3049.71","25.03","0.82"
1,"Red Wing","1287.54","10.58","0.82"
21,"CDR","1399.84","11.45","0.82"
16,"Landslide","1663.59","13.56","0.82"
20,"Hermanos","622.20","5.12","0.82"
9,"Choice","77.74","0.64","0.82"
6,"Gauss","441.86","3.61","0.82"
3,"BBB Best","2030.04","16.63","0.82"
16,"Queen","108.63","0.89","0.82"
15,"Gulf Coast","693.52","5.69","0.82"
12,"Better","1222.33","9.86","0.81"
12,"Big Time","1427.22","11.59","0.81"
17,"Sphinx","764.62","6.22","0.81"
17,"Walrus","853.50","6.89","0.81"
16,"Fort West","2446.76","19.91","0.81"
10,"Fabulous","353.77","2.85","0.81"
21,"Big Time","1787.13","14.39","0.81"
13,"High Top","4269.50","34.55","0.81"
8,"Great","855.27","6.96","0.81"
6,"PigTail","1582.96","12.80","0.81"
15,"Atomic","658.32","5.32","0.81"
16,"Red Spade","1114.73","8.88","0.80"
15,"Tri-State","3213.67","25.74","0.80"
13,"Gulf Coast","1027.23","8.25","0.80"
10,"Token","322.91","2.58","0.80"
6,"Blue Medal","266.30","2.13","0.80"
3,"Tri-State","3162.02","25.35","0.80"
6,"Skinner","578.76","4.64","0.80"
21,"Special","364.44","2.91","0.80"
23,"Excellent","409.87","3.26","0.80"
19,"Carrington","1746.73","13.74","0.79"
23,"Blue Medal","166.71","1.32","0.79"
13,"Dual City","132.40","1.04","0.79"
23,"Hilltop","631.39","4.96","0.79"
23,"Top Measure","140.10","1.10","0.79"
20,"Better","321.25","2.55","0.79"
24,"Special","345.07","2.74","0.79"
12,"Great","806.26","6.38","0.79"
6,"Fast","2154.39","16.97","0.79"
15,"Denny","2427.52","19.21","0.79"
20,"Fast","547.05","4.29","0.78"
7,"Urban","333.70","2.60","0.78"
17,"Red Wing","3605.80","28.14","0.78"
17,"BBB Best","2674.81","20.76","0.78"
7,"Gorilla","1589.33","12.16","0.77"
21,"Gerolli","173.82","1.34","0.77"
6,"Fort West","2231.93","17.29","0.77"
13,"Portsmouth","966.93","7.48","0.77"
23,"Big Time","926.69","7.09","0.77"
13,"Pearl","657.53","5.08","0.77"
24,"Bravo","1690.40","12.98","0.77"
8,"PigTail","1284.82","9.95","0.77"
12,"Gorilla","1158.66","8.81","0.76"
17,"Big Time","3619.90","27.65","0.76"
12,"BBB Best","1420.82","10.74","0.76"
8,"Club","1152.37","8.81","0.76"
21,"Blue Medal","279.92","2.13","0.76"
7,"Blue Medal","462.77","3.51","0.76"
3,"Red Wing","2785.97","21.18","0.76"
16,"Cormorant","2301.08","17.39","0.76"
4,"Thresher","355.53","2.69","0.76"
4,"Modell","322.12","2.44","0.76"
11,"Carrington","2290.61","17.42","0.76"
12,"Ebony","2568.08","19.41","0.76"
24,"Landslide","1843.78","14.10","0.76"
13,"Consolidated","1851.43","14.13","0.76"
15,"Hermanos","3730.92","28.32","0.76"
1,"Washington","344.57","2.61","0.76"
17,"Imagine","3048.57","23.25","0.76"
7,"PigTail","1824.46","13.81","0.76"
17,"Lake","1273.10","9.73","0.76"
21,"Bird Call","965.92","7.38","0.76"
24,"Blue Label","1666.68","12.57","0.75"
3,"Plato","1765.68","13.32","0.75"
12,"Thresher","539.33","4.07","0.75"
11,"Plato","1731.94","13.03","0.75"
24,"High Quality","2739.83","20.61","0.75"
20,"Token","103.34","0.78","0.75"
18,"Atomic","88.28","0.66","0.75"
11,"Shady Lake","375.36","2.81","0.75"
19,"Blue Medal","285.64","2.13","0.75"
24,"Fort West","2359.11","17.81","0.75"
18,"Choice","85.64","0.64","0.75"
12,"Steady","856.22","6.40","0.75"
16,"Tell Tale","2973.18","21.98","0.74"
10,"CDR","1012.09","7.54","0.74"
24,"Steady","1124.39","8.33","0.74"
21,"Atomic","451.01","3.33","0.74"
18,"Tri-State","622.48","4.62","0.74"
3,"Monarch","423.05","3.11","0.74"
18,"Gorilla","360.63","2.66","0.74"
24,"Gulf Coast","875.58","6.41","0.73"
20,"Bravo","374.98","2.74","0.73"
15,"Washington","727.06","5.30","0.73"
3,"Portsmouth","752.12","5.47","0.73"
9,"Tell Tale","704.61","5.13","0.73"
16,"Bravo","1629.64","11.89","0.73"
16,"PigTail","1763.84","12.87","0.73"
4,"Medalist","182.66","1.34","0.73"
20,"Pearl","88.81","0.65","0.73"
16,"Faux Products","1376.22","10.01","0.73"
13,"BBB Best","3031.31","21.76","0.72"
3,"Pleasant","1622.26","11.73","0.72"
3,"Fast","2462.81","17.67","0.72"
24,"Gerolli","186.30","1.34","0.72"
21,"Golden","1501.06","10.77","0.72"
24,"Walrus","732.76","5.25","0.72"
9,"Lake","197.26","1.42","0.72"
7,"Imagine","2161.11","15.36","0.71"
11,"CDR","1944.36","13.89","0.71"
11,"Fabulous","824.61","5.89","0.71"
3,"Consolidated","1182.42","8.42","0.71"
13,"Cormorant","3601.73","25.58","0.71"
13,"Super","2984.31","21.28","0.71"
19,"Denny","2011.32","14.07","0.70"
3,"Carlson","1445.11","10.08","0.70"
6,"Moms","1054.98","7.37","0.70"
24,"Gauss","543.47","3.80","0.70"
17,"Fantastic","853.11","5.97","0.70"
7,"Jeffers","274.02","1.93","0.70"
11,"Monarch","417.23","2.90","0.70"
7,"Tip Top","112.56","0.79","0.70"
19,"Red Wing","1997.33","14.05","0.70"
3,"Sunset","1921.68","13.33","0.69"
6,"Nationeel","2413.89","16.69","0.69"
13,"Carrington","3405.61","23.35","0.69"
19,"Fort West","1874.70","12.88","0.69"
17,"Fast","3644.17","25.08","0.69"
8,"Booker","1094.19","7.60","0.69"
8,"Landslide","1314.83","9.08","0.69"
18,"Sphinx","194.06","1.32","0.68"
16,"Medalist","498.91","3.38","0.68"
1,"Bird Call","568.75","3.84","0.68"
23,"American","433.58","2.97","0.68"
24,"Best","288.26","1.97","0.68"
10,"Fort West","1332.36","9.01","0.68"
15,"Lake","1189.06","8.13","0.68"
15,"Hilltop","2115.44","14.39","0.68"
13,"Steady","1818.04","12.38","0.68"
15,"PigTail","1878.37","12.73","0.68"
13,"Swell","240.33","1.63","0.68"
9,"Bird Call","273.59","1.85","0.68"
13,"Fast","3902.72","26.53","0.68"
7,"Super","1922.37","12.95","0.67"
16,"Hilltop","1737.49","11.58","0.67"
4,"Moms","484.43","3.24","0.67"
17,"Skinner","1114.93","7.43","0.67"
10,"Hermanos","1844.68","12.45","0.67"
13,"Carlson","2355.66","15.83","0.67"
6,"Big Time","2109.86","14.11","0.67"
16,"Carlson","1438.89","9.58","0.67"
7,"Excel","317.59","2.13","0.67"
19,"Token","382.82","2.58","0.67"
3,"High Quality","2538.75","16.87","0.66"
12,"Plato","1508.79","10.01","0.66"
3,"Big Time","2551.23","16.91","0.66"
21,"Tri-State","2562.48","16.91","0.66"
23,"Lake","401.84","2.66","0.66"
21,"Even Better","1123.45","7.38","0.66"
10,"Walrus","394.20","2.59","0.66"
17,"Denny","3344.77","22.21","0.66"
7,"Pleasant","1658.49","10.80","0.65"
23,"Faux Products","641.83","4.16","0.65"
15,"Portsmouth","845.89","5.48","0.65"
12,"Consolidated","1123.16","7.32","0.65"
3,"Gulf Coast","813.87","5.27","0.65"
16,"Modell","601.42","3.93","0.65"
21,"High Quality","1634.93","10.65","0.65"
12,"Tell Tale","2501.48","16.34","0.65"
13,"Hilltop","2555.41","16.68","0.65"
23,"Club","703.17","4.60","0.65"
24,"Booker","1405.23","9.20","0.65"
24,"Red Spade","1125.56","7.34","0.65"
4,"Hilltop","907.79","5.90","0.65"
7,"Gulf Coast","735.41","4.78","0.65"
20,"Booker","284.41","1.85","0.65"
1,"Fantastic","385.86","2.52","0.65"
15,"Cutting Edge","986.44","6.44","0.65"
3,"Token","683.53","4.36","0.64"
12,"Carlson","1354.17","8.73","0.64"
19,"Fantastic","394.82","2.52","0.64"
8,"Denny","2091.25","13.35","0.64"
19,"Lake","767.22","4.88","0.64"
16,"Bird Call","1078.95","6.93","0.64"
13,"Big Time","3948.41","25.14","0.64"
16,"Washington","769.20","4.89","0.64"
16,"Just Right","1497.56","9.53","0.64"
13,"Dollar","606.49","3.87","0.64"
6,"American","893.80","5.71","0.64"
9,"Horatio","724.87","4.57","0.63"
12,"Giant","261.50","1.65","0.63"
11,"Johnson","189.46","1.20","0.63"
13,"Fort West","3743.66","23.65","0.63"
3,"Lake","1102.49","6.99","0.63"
11,"Imagine","2302.64","14.50","0.63"
19,"Bravo","1247.68","7.91","0.63"
23,"Choice","89.17","0.56","0.63"
1,"Golden","1082.78","6.66","0.62"
8,"Good","562.36","3.46","0.62"
18,"Nationeel","537.68","3.31","0.62"
24,"Excellent","876.57","5.44","0.62"
3,"Shady Lake","401.65","2.51","0.62"
6,"Ebony","2977.87","18.37","0.62"
12,"Cormorant","1825.82","11.29","0.62"
3,"Excel","346.15","2.13","0.62"
10,"Skinner","328.67","2.01","0.61"
15,"Landslide","1886.81","11.58","0.61"
10,"Musial","271.88","1.66","0.61"
21,"Faux Products","1014.04","6.20","0.61"
6,"Booker","1167.08","7.16","0.61"
10,"Ebony","1587.84","9.64","0.61"
21,"Monarch","297.45","1.80","0.61"
10,"Portsmouth","470.16","2.87","0.61"
1,"Atomic","205.73","1.25","0.61"
8,"Even Better","1100.73","6.75","0.61"
13,"Faux Products","1838.97","11.20","0.61"
13,"Atomic","736.66","4.48","0.61"
7,"CDR","1961.93","11.99","0.61"
21,"Super","1383.79","8.50","0.61"
19,"Johnson","124.67","0.76","0.61"
13,"Shady Lake","551.31","3.39","0.61"
21,"Gulf Coast","575.36","3.43","0.60"
20,"Just Right","332.99","1.99","0.60"
3,"Top Measure","363.97","2.20","0.60"
17,"Carlson","2332.13","13.92","0.60"
13,"Washington","939.70","5.67","0.60"
15,"Golden","2176.18","13.04","0.60"
23,"Carrington","962.94","5.79","0.60"
10,"Pearl","217.85","1.30","0.60"
15,"Good","546.86","3.28","0.60"
7,"Even Better","1360.70","8.12","0.60"
24,"Fabulous","830.64","4.98","0.60"
15,"Special","485.56","2.91","0.60"
17,"Red Spade","1631.89","9.82","0.60"
6,"Shady Lake","445.19","2.67","0.60"
16,"Portsmouth","633.61","3.78","0.60"
19,"Pearl","328.20","1.92","0.59"
4,"Consolidated","663.63","3.91","0.59"
8,"BBB Best","1702.22","10.01","0.59"
15,"Jumbo","503.87","2.97","0.59"
3,"Fort West","2625.54","15.40","0.59"
17,"Carrington","3161.92","18.29","0.58"
6,"Red Spade","832.43","4.79","0.58"
13,"Red Wing","3904.62","22.62","0.58"
15,"Colossal","586.01","3.37","0.58"
23,"Ebony","1202.16","6.98","0.58"
15,"Imagine","2174.97","12.72","0.58"
15,"Dollar","290.58","1.69","0.58"
16,"Cutting Edge","811.55","4.70","0.58"
16,"Booker","1497.08","8.57","0.57"
1,"Ebony","1618.70","9.17","0.57"
19,"Just Right","1216.81","6.98","0.57"
23,"Excel","135.79","0.77","0.57"
7,"High Quality","2702.04","15.33","0.57"
10,"Better","720.47","4.10","0.57"
17,"Monarch","554.15","3.18","0.57"
15,"Shady Lake","470.99","2.67","0.57"
1,"Imagine","1224.90","6.93","0.57"
8,"Choice","330.91","1.90","0.57"
19,"Gorilla","959.80","5.38","0.56"
11,"Portsmouth","981.49","5.49","0.56"
1,"Booker","644.37","3.58","0.56"
24,"Queen","159.53","0.89","0.56"
3,"Best Choice","2472.55","13.74","0.56"
7,"Sunset","2251.99","12.61","0.56"
12,"CDR","1484.24","8.38","0.56"
24,"National","331.17","1.86","0.56"
17,"Modell","979.60","5.43","0.55"
11,"Tell Tale","3500.63","19.20","0.55"
3,"Cormorant","2171.97","12.02","0.55"
17,"Jardon","283.00","1.54","0.54"
8,"Cormorant","1840.71","9.87","0.54"
13,"Jeffers","422.36","2.29","0.54"
19,"CDR","1504.59","8.11","0.54"
13,"Queen","165.76","0.89","0.54"
11,"Booker","1279.64","6.87","0.54"
7,"Cutting Edge","773.15","4.10","0.53"
13,"Bird Call","1762.02","9.41","0.53"
19,"Carlson","1390.38","7.33","0.53"
10,"American","585.39","3.10","0.53"
10,"Fast","1368.66","7.26","0.53"
24,"Best Choice","2546.13","13.48","0.53"
4,"Carlson","763.86","4.08","0.53"
6,"Colossal","350.59","1.87","0.53"
19,"Bird Call","811.00","4.26","0.53"
13,"Urban","596.28","3.10","0.52"
15,"Steady","1308.37","6.75","0.52"
13,"Excellent","1270.39","6.60","0.52"
7,"Red Spade","1224.55","6.38","0.52"
11,"Gauss","472.29","2.44","0.52"
7,"Just Right","1501.74","7.83","0.52"
21,"Discover","312.71","1.61","0.51"
1,"Lake","478.85","2.46","0.51"
3,"Discover","316.01","1.61","0.51"
9,"High Top","795.14","4.02","0.51"
17,"Faux Products","1716.79","8.67","0.51"
15,"Moms","1042.96","5.28","0.51"
13,"Moms","1535.67","7.61","0.50"
24,"Blue Medal","427.28","2.13","0.50"
10,"Carlson","771.77","3.89","0.50"
11,"Bird Call","1217.59","6.07","0.50"
9,"PigTail","321.57","1.62","0.50"
23,"Washington","434.01","2.19","0.50"
10,"Steady","563.50","2.83","0.50"
7,"Skinner","739.22","3.67","0.50"
24,"Choice","365.32","1.84","0.50"
20,"Horatio","560.79","2.82","0.50"
7,"Bird Call","1307.98","6.59","0.50"
12,"Super","1614.24","8.15","0.50"
4,"Fort West","1184.98","5.92","0.50"
16,"Discover","349.01","1.76","0.50"
9,"Tri-State","819.96","4.03","0.49"
9,"Imagine","583.27","2.83","0.49"
6,"Plato","1674.37","8.20","0.49"
24,"Musial","571.05","2.81","0.49"
11,"Jumbo","308.69","1.50","0.49"
6,"Club","1227.58","6.07","0.49"
7,"Denny","2473.88","12.08","0.49"
21,"Urban","263.65","1.30","0.49"
7,"Ebony","2990.77","14.54","0.49"
10,"High Quality","1198.36","5.75","0.48"
13,"Great","1300.25","6.25","0.48"
19,"Faux Products","947.92","4.51","0.48"
3,"Just Right","1540.01","7.44","0.48"
1,"Plato","887.57","4.22","0.48"
17,"Thresher","850.69","4.07","0.48"
6,"Hilltop","1532.34","7.39","0.48"
9,"Golden","592.36","2.76","0.47"
10,"Fantastic","319.42","1.50","0.47"
4,"Washington","243.39","1.15","0.47"
21,"Top Measure","342.71","1.62","0.47"
3,"Jumbo","299.95","1.42","0.47"
24,"Cutting Edge","983.01","4.61","0.47"
9,"Sunset","518.03","2.44","0.47"
7,"Plato","1919.66","9.09","0.47"
16,"Gulf Coast","674.22","3.18","0.47"
17,"Jumbo","468.52","2.17","0.46"
1,"PigTail","810.19","3.70","0.46"
13,"Colony","888.00","4.11","0.46"
17,"Moms","1482.16","6.81","0.46"
15,"Top Measure","416.50","1.91","0.46"
1,"Cormorant","1217.84","5.66","0.46"
11,"Best Choice","3058.24","14.05","0.46"
7,"American","1069.12","4.95","0.46"
1,"Tell Tale","1429.42","6.47","0.45"
13,"Club","2346.81","10.63","0.45"
17,"Medalist","754.93","3.38","0.45"
3,"Bird Call","1279.48","5.74","0.45"
11,"Colony","658.31","2.96","0.45"
21,"Excellent","628.36","2.85","0.45"
11,"Urban","394.62","1.79","0.45"
7,"Better","1175.34","5.30","0.45"
3,"Steady","962.61","4.34","0.45"
10,"Shady Lake","154.62","0.70","0.45"
9,"Fantastic","152.89","0.69","0.45"
9,"Club","333.43","1.48","0.44"
6,"Just Right","1423.93","6.31","0.44"
13,"Discover","597.71","2.61","0.44"
11,"Modell","646.11","2.83","0.44"
19,"Good","492.18","2.18","0.44"
6,"Tri-State","2643.69","11.61","0.44"
15,"American","1013.99","4.43","0.44"
23,"Skinner","280.91","1.24","0.44"
1,"Even Better","660.56","2.88","0.44"
24,"Good","554.04","2.37","0.43"
1,"Modell","387.35","1.65","0.43"
20,"Best Choice","563.34","2.44","0.43"
9,"Washington","192.37","0.83","0.43"
10,"Faux Products","636.58","2.76","0.43"
20,"Fort West","457.67","1.93","0.42"
21,"Hilltop","1148.45","4.85","0.42"
13,"American","1729.32","7.34","0.42"
20,"Fantastic","163.82","0.69","0.42"
21,"Club","891.14","3.76","0.42"
11,"Pearl","465.19","1.92","0.41"
10,"Best Choice","1411.94","5.78","0.41"
21,"Imagine","1584.48","6.48","0.41"
16,"American","983.70","4.06","0.41"
24,"Even Better","1486.96","5.97","0.40"
3,"Booker","1321.14","5.30","0.40"
1,"High Quality","1118.90","4.48","0.40"
24,"Thresher","738.50","2.92","0.40"
13,"National","544.14","2.19","0.40"
4,"Just Right","640.19","2.53","0.40"
16,"Giant","331.29","1.33","0.40"
4,"Golden","906.34","3.61","0.40"
10,"Red Spade","461.98","1.86","0.40"
10,"Cormorant","1120.09","4.32","0.39"
12,"Modell","530.97","2.07","0.39"
16,"Gauss","409.87","1.61","0.39"
7,"High Top","2838.95","11.11","0.39"
24,"Colony","561.54","2.18","0.39"
11,"Tri-State","3062.85","11.79","0.38"
16,"Super","2220.34","8.54","0.38"
18,"Hermanos","581.11","2.18","0.38"
20,"Lake","170.20","0.64","0.38"
1,"Just Right","687.79","2.64","0.38"
1,"Pearl","240.97","0.91","0.38"
24,"Moms","947.81","3.51","0.37"
12,"American","718.50","2.65","0.37"
11,"Gulf Coast","788.93","2.94","0.37"
15,"Tip Top","214.14","0.79","0.37"
19,"Atomic","335.22","1.25","0.37"
3,"Colossal","395.00","1.46","0.37"
21,"Red Spade","652.39","2.33","0.36"
23,"Bird Call","486.18","1.74","0.36"
6,"Bird Call","1054.55","3.76","0.36"
11,"Great","926.49","3.36","0.36"
23,"High Quality","1160.24","4.13","0.36"
15,"Super","2177.39","7.52","0.35"
10,"Top Measure","202.28","0.70","0.35"
8,"Sphinx","521.59","1.83","0.35"
19,"Fabulous","713.88","2.51","0.35"
4,"Best Choice","1264.87","4.43","0.35"
23,"Best Choice","988.89","3.45","0.35"
24,"Monarch","508.92","1.80","0.35"
24,"American","1036.15","3.62","0.35"
3,"Landslide","1620.35","5.73","0.35"
15,"Sunset","2214.17","7.57","0.34"
7,"Landslide","1697.38","5.73","0.34"
21,"Better","969.72","3.34","0.34"
10,"Plato","1058.62","3.57","0.34"
1,"Walrus","255.14","0.83","0.33"
19,"Top Measure","350.69","1.14","0.33"
6,"Gorilla","1389.52","4.64","0.33"
19,"American","839.74","2.73","0.33"
19,"Great","730.95","2.41","0.33"
6,"Jardon","162.96","0.54","0.33"
10,"Pleasant","841.99","2.82","0.33"
4,"PigTail","911.08","2.95","0.32"
6,"Musial","578.80","1.87","0.32"
8,"Pleasant","1177.56","3.74","0.32"
13,"Denny","3623.35","11.67","0.32"
7,"Thresher","558.49","1.81","0.32"
4,"Gorilla","692.78","2.18","0.31"
12,"Bravo","1548.26","4.85","0.31"
7,"Portsmouth","695.09","2.16","0.31"
23,"Booker","546.51","1.72","0.31"
6,"Pearl","289.75","0.91","0.31"
16,"Good","586.36","1.73","0.30"
10,"Cutting Edge","472.65","1.44","0.30"
17,"Dollar","568.24","1.72","0.30"
10,"PigTail","929.92","2.79","0.30"
6,"Top Measure","380.98","1.14","0.30"
11,"Token","534.40","1.61","0.30"
8,"Atomic","300.76","0.90","0.30"
4,"Lake","554.32","1.68","0.30"
20,"BBB Best","378.74","1.10","0.29"
4,"Nationeel","1316.67","3.77","0.29"
7,"Colony","654.22","1.87","0.29"
7,"Walrus","559.50","1.61","0.29"
3,"National","315.68","0.93","0.29"
21,"Pearl","391.96","1.14","0.29"
19,"Pleasant","1283.02","3.78","0.29"
7,"Great","850.71","2.41","0.28"
15,"Monarch","498.82","1.38","0.28"
15,"Consolidated","1283.50","3.55","0.28"
19,"Moms","788.90","2.23","0.28"
11,"Washington","593.90","1.66","0.28"
11,"Thresher","667.40","1.87","0.28"
10,"Bravo","984.71","2.68","0.27"
13,"Token","685.58","1.88","0.27"
4,"Atomic","245.11","0.66","0.27"
13,"Golden","3143.44","8.50","0.27"
15,"Red Spade","1049.47","2.83","0.27"
15,"Just Right","1482.34","4.05","0.27"
1,"Denny","1386.05","3.70","0.27"
23,"CDR","837.61","2.29","0.27"
6,"Discover","329.71","0.88","0.27"
19,"Thresher","596.47","1.58","0.26"
13,"Booker","2056.84","5.33","0.26"
11,"Red Spade","1038.35","2.58","0.25"
3,"Sphinx","593.06","1.46","0.25"
16,"Thresher","637.42","1.58","0.25"
19,"Washington","481.78","1.15","0.24"
17,"Johnson","252.35","0.60","0.24"
10,"Good","342.89","0.83","0.24"
9,"Fabulous","272.52","0.65","0.24"
8,"Cutting Edge","642.27","1.55","0.24"
8,"Dollar","368.74","0.86","0.23"
21,"Blue Label","1251.10","2.86","0.23"
23,"Fantastic","272.61","0.63","0.23"
23,"Cutting Edge","448.49","0.97","0.22"
1,"Best Choice","1651.48","3.62","0.22"
3,"Atomic","580.49","1.25","0.22"
24,"Token","598.48","1.29","0.22"
11,"Sphinx","496.71","1.06","0.21"
10,"Big Time","1310.61","2.72","0.21"
1,"Sunset","1078.83","2.26","0.21"
20,"Carrington","439.07","0.92","0.21"
10,"Hilltop","746.69","1.49","0.20"
4,"Sphinx","271.18","0.53","0.20"
6,"Carrington","2009.67","4.03","0.20"
23,"Better","571.36","1.15","0.20"
23,"Super","826.96","1.60","0.19"
16,"Top Measure","420.24","0.81","0.19"
15,"Musial","490.34","0.89","0.18"
17,"Better","1915.23","3.36","0.18"
24,"Consolidated","1052.03","1.83","0.17"
13,"Choice","531.73","0.89","0.17"
12,"Atomic","411.85","0.66","0.16"
7,"Excellent","875.79","1.31","0.15"
15,"Fabulous","929.79","1.35","0.15"
21,"Modell","370.62","0.51","0.14"
21,"Token","403.50","0.55","0.14"
20,"Cormorant","520.11","0.62","0.12"
18,"Super","428.46","0.53","0.12"
6,"Lake","846.50","0.93","0.11"
4,"Bravo","803.25","0.87","0.11"
15,"Great","902.50","0.93","0.10"
12,"Cutting Edge","755.11","0.72","0.10"
3,"Blue Label","1478.23","1.55","0.10"
11,"Fantastic","625.62","0.63","0.10"
21,"BBB Best","1235.94","1.12","0.09"
24,"Hilltop","1633.83","1.49","0.09"
12,"Denny","1961.48","0.55","0.03"
